<?xml version="1.0" encoding="UTF-8"?>
<wls:weblogic-web-app xmlns:wls="http://xmlns.oracle.com/weblogic/weblogic-web-app"
                      xmlns:xsi="http://www.w3.org/2001/XMLSchema-instance"
                      xsi:schemaLocation="http://java.sun.com/xml/ns/javaee
                      http://java.sun.com/xml/ns/javaee/web-app_2_5.xsd
                      http://xmlns.oracle.com/weblogic/weblogic-web-app
                      http://xmlns.oracle.com/weblogic/weblogic-web-app/1.4/weblogic-web-app.xsd">

    <wls:weblogic-version>12.1.3</wls:weblogic-version>
    <wls:context-root>/daman-fsip-bcom-bpm</wls:context-root>
    <wls:container-descriptor>
        <wls:prefer-application-packages>
            <wls:package-name>org.slf4j.*</wls:package-name>
            <wls:package-name>org.apache.commons.*</wls:package-name>
            <wls:package-name>org.springframework.*</wls:package-name>
            <!-- jersey 2 -->
            <package-name>jersey.repackaged.*</package-name>
            <package-name>org.glassfish.jersey.*</package-name>
            <package-name>com.sun.research.ws.wadl.*</package-name>
        </wls:prefer-application-packages>
      <wls:prefer-application-resources>
            <wls:resource-name>org/slf4j/impl/StaticLoggerBinder.class</wls:resource-name>
          <!-- jersey -->
          <resource-name>META-INF/services/org.glassfish.jersey.*</resource-name>
          <resource-name>org.glassfish.jersey.*</resource-name>
          <resource-name>jersey.repackaged.*</resource-name>
        </wls:prefer-application-resources>
    </wls:container-descriptor>


</wls:weblogic-web-app>