<?xml version="1.0" encoding="UTF-8"?>
<wls:weblogic-web-app xmlns:wls="http://xmlns.oracle.com/weblogic/weblogic-web-app"
                      xmlns:xsi="http://www.w3.org/2001/XMLSchema-instance"
                      xsi:schemaLocation="http://java.sun.com/xml/ns/javaee
                      http://java.sun.com/xml/ns/javaee/web-app_2_5.xsd
                      http://xmlns.oracle.com/weblogic/weblogic-web-app
                      http://xmlns.oracle.com/weblogic/weblogic-web-app/1.4/weblogic-web-app.xsd">

    <wls:weblogic-version>12.2.1.2.0</wls:weblogic-version>
    <wls:context-root>/bpm-tasklist</wls:context-root>
    <wls:container-descriptor>
      <wls:prefer-application-packages>
            <wls:package-name>org.slf4j.*</wls:package-name>
            <wls:package-name>org.apache.commons.*</wls:package-name>
            <wls:package-name>org.springframework.*</wls:package-name>         
            <!-- jersey 2 -->
            <wls:package-name>jersey.repackaged.*</wls:package-name>
            <wls:package-name>org.glassfish.jersey.*</wls:package-name>
            <wls:package-name>com.sun.research.ws.wadl.*</wls:package-name>
            <!-- hk2 --> 
            <wls:package-name>org.glassfish.hk2.*</wls:package-name>
            <wls:package-name>org.jvnet.hk2.*</wls:package-name> 
            <wls:package-name>org.jvnet.tiger_types.*</wls:package-name>                 
            <!--jackson--> 
            <wls:package-name>com.fasterxml.jackson.*</wls:package-name>         
      </wls:prefer-application-packages>
      <wls:prefer-application-resources>
            <wls:resource-name>org/slf4j/impl/StaticLoggerBinder.class</wls:resource-name>
             <!-- jersey --> 
            <wls:resource-name>META-INF/services/org.glassfish.jersey.*</wls:resource-name>
            <wls:resource-name>org.glassfish.jersey.*</wls:resource-name>
            <wls:resource-name>jersey.repackaged.*</wls:resource-name>
            <!-- hk2 --> 
            <wls:resource-name>META-INF/services/org.glassfish.hk2.*</wls:resource-name> 
            <!--jackson--> 
            <wls:resource-name>org.codehaus.jackson.*</wls:resource-name> 
            <wls:resource-name>com.fasterxml.jackson.*</wls:resource-name> 
      </wls:prefer-application-resources>
    </wls:container-descriptor>


</wls:weblogic-web-app>