<?xml version="1.0" encoding="UTF-8"?>
<weblogic-web-app xsi:schemaLocation="http://www.bea.com/ns/weblogic/weblogic-web-app http://www.bea.com/ns/weblogic/weblogic-web-app/1.0/weblogic-web-app.xsd" xmlns:xsi="http://www.w3.org/2001/XMLSchema-instance" xmlns="http://www.bea.com/ns/weblogic/weblogic-web-app">
<jsp-descriptor>

<keepgenerated>true</keepgenerated>

<debug>true</debug>
</jsp-descriptor>
<context-root>/madt</context-root>
<container-descriptor>
		<prefer-web-inf-classes>false</prefer-web-inf-classes>
    <prefer-application-packages>  
        <package-name>org.apache.commons.*</package-name>
    </prefer-application-packages> 	
	</container-descriptor>
</weblogic-web-app>